{"cameraMode":{"drawMode":0,"name":"Shaded","section":"Shading Mode"},"sceneLighting":false,"audioPlay":false,"sceneViewState":{"showFog":true,"showMaterialUpdate":false,"showSkybox":false,"showFlares":true,"showImageEffects":true,"showParticleSystems":true,"showVisualEffectGraphs":true,"m_FxEnabled":true},"in2DMode":false,"pivot":{"x":-2.799852132797241,"y":9.093536376953125,"z":-10.208005905151368},"rotation":{"x":-0.6143069267272949,"y":0.0035485681146383287,"z":-0.002762706484645605,"w":-0.7890633344650269},"size":10.233232498168946,"orthographic":false}